date,property_id,property,all_time_avg,recent_avg,review_count
2026-06-25,56ad0c56-9b9f-4725-8d3c-d04866ffa21e,Loma Linda,,,0
2026-06-25,1f3d622b-3ec4-4219-aa93-aa5cead5a1aa,PERGOLAS 28,,,0
2026-06-25,e915eda4-075e-4fe2-808d-a0b2ae83b810,CASA BOQUERON,,,0
2026-06-25,007f1b40-6f64-4b8b-879a-cd07b6884150,BOQUERON 2,,,0
2026-06-25,88bf6063-a91b-4849-b573-b92d674c0d77,PERGOLAS 5,,,0
2026-06-25,1f7c502a-dc5d-4854-9877-31f6b4f380d4,ESCALONIA,,,0
2026-06-25,99b14b22-db30-4f7a-92c7-5edbff147021,cozy & large apartment near the american embassy,,,0
2026-06-25,3a936ec6-c1ea-4e2b-bcaf-cac4a4735e44,BARBAZAN,,,0
2026-06-25,e7ce3ceb-4024-4b23-a76e-bca8638f68a9,FLORIDA,,,0
2026-06-25,1d687631-dcaa-4863-b965-dcd9d2c21769,Cuarto 3 Tunco,,,0
2026-06-25,e93ef95c-5a6e-4ce3-b0c4-2eaa8563e9d2,Santa Elena,,,0
2026-06-25,db002f0a-e41a-451f-8849-14cdc88dba4d,PALERMO Nilo,,,0
2026-06-25,656d1c14-4ec0-4758-8f32-2b1819d23032,PARK NUEVO,,,0
2026-06-25,38e63710-d31f-4860-9264-d67ae4caad34,BARBAZAN,,,0
2026-06-25,56ad0c56-9b9f-4725-8d3c-d04866ffa21e,Loma Linda,,,0
2026-06-25,1f3d622b-3ec4-4219-aa93-aa5cead5a1aa,PERGOLAS 28,,,0
2026-06-25,e915eda4-075e-4fe2-808d-a0b2ae83b810,CASA BOQUERON,,,0
2026-06-25,007f1b40-6f64-4b8b-879a-cd07b6884150,BOQUERON 2,,,0
2026-06-25,88bf6063-a91b-4849-b573-b92d674c0d77,PERGOLAS 5,,,0
2026-06-25,1f7c502a-dc5d-4854-9877-31f6b4f380d4,ESCALONIA,,,0
2026-06-25,99b14b22-db30-4f7a-92c7-5edbff147021,cozy & large apartment near the american embassy,,,0
2026-06-25,3a936ec6-c1ea-4e2b-bcaf-cac4a4735e44,BARBAZAN,,,0
2026-06-25,e7ce3ceb-4024-4b23-a76e-bca8638f68a9,FLORIDA,,,0
2026-06-25,1d687631-dcaa-4863-b965-dcd9d2c21769,Cuarto 3 Tunco,,,0
2026-06-25,e93ef95c-5a6e-4ce3-b0c4-2eaa8563e9d2,Santa Elena,,,0
2026-06-25,db002f0a-e41a-451f-8849-14cdc88dba4d,PALERMO Nilo,,,0
2026-06-25,656d1c14-4ec0-4758-8f32-2b1819d23032,PARK NUEVO,,,0
2026-06-25,38e63710-d31f-4860-9264-d67ae4caad34,BARBAZAN,,,0
2026-06-25,56ad0c56-9b9f-4725-8d3c-d04866ffa21e,Loma Linda,4.81,5.0,97
2026-06-25,1f3d622b-3ec4-4219-aa93-aa5cead5a1aa,PERGOLAS 28,4.61,3.33,41
2026-06-25,e915eda4-075e-4fe2-808d-a0b2ae83b810,CASA BOQUERON,4.88,5.0,41
2026-06-25,007f1b40-6f64-4b8b-879a-cd07b6884150,BOQUERON 2,5.0,5.0,2
2026-06-25,88bf6063-a91b-4849-b573-b92d674c0d77,PERGOLAS 5,4.68,4.67,28
2026-06-25,1f7c502a-dc5d-4854-9877-31f6b4f380d4,ESCALONIA,4.87,5.0,45
2026-06-25,99b14b22-db30-4f7a-92c7-5edbff147021,cozy & large apartment near the american embassy,5.0,5.0,2
2026-06-25,3a936ec6-c1ea-4e2b-bcaf-cac4a4735e44,BARBAZAN,2.33,2.33,3
2026-06-25,e7ce3ceb-4024-4b23-a76e-bca8638f68a9,FLORIDA,5.0,5.0,10
2026-06-25,1d687631-dcaa-4863-b965-dcd9d2c21769,Cuarto 3 Tunco,,,0
2026-06-25,e93ef95c-5a6e-4ce3-b0c4-2eaa8563e9d2,Santa Elena,4.81,4.67,52
2026-06-25,db002f0a-e41a-451f-8849-14cdc88dba4d,PALERMO Nilo,4.71,4.67,17
2026-06-25,656d1c14-4ec0-4758-8f32-2b1819d23032,PARK NUEVO,4.67,5.0,57
2026-06-25,38e63710-d31f-4860-9264-d67ae4caad34,BARBAZAN,4.33,4.33,3
2026-06-26,56ad0c56-9b9f-4725-8d3c-d04866ffa21e,Loma Linda,4.81,5.0,97
2026-06-26,1f3d622b-3ec4-4219-aa93-aa5cead5a1aa,PERGOLAS 28,4.61,3.33,41
2026-06-26,e915eda4-075e-4fe2-808d-a0b2ae83b810,CASA BOQUERON,4.88,5.0,41
2026-06-26,007f1b40-6f64-4b8b-879a-cd07b6884150,BOQUERON 2,5.0,5.0,2
2026-06-26,88bf6063-a91b-4849-b573-b92d674c0d77,PERGOLAS 5,4.68,4.67,28
2026-06-26,1f7c502a-dc5d-4854-9877-31f6b4f380d4,ESCALONIA,4.87,5.0,45
2026-06-26,99b14b22-db30-4f7a-92c7-5edbff147021,cozy & large apartment near the american embassy,5.0,5.0,2
2026-06-26,3a936ec6-c1ea-4e2b-bcaf-cac4a4735e44,BARBAZAN,2.33,2.33,3
2026-06-26,e7ce3ceb-4024-4b23-a76e-bca8638f68a9,FLORIDA,5.0,5.0,10
2026-06-26,1d687631-dcaa-4863-b965-dcd9d2c21769,Cuarto 3 Tunco,,,0
2026-06-26,e93ef95c-5a6e-4ce3-b0c4-2eaa8563e9d2,Santa Elena,4.81,4.67,52
2026-06-26,db002f0a-e41a-451f-8849-14cdc88dba4d,PALERMO Nilo,4.71,4.67,17
2026-06-26,656d1c14-4ec0-4758-8f32-2b1819d23032,PARK NUEVO,4.67,5.0,57
2026-06-26,38e63710-d31f-4860-9264-d67ae4caad34,BARBAZAN,4.33,4.33,3
2026-06-26,56ad0c56-9b9f-4725-8d3c-d04866ffa21e,Loma Linda,4.81,5.0,97
2026-06-26,1f3d622b-3ec4-4219-aa93-aa5cead5a1aa,PERGOLAS 28,4.61,3.33,41
2026-06-26,e915eda4-075e-4fe2-808d-a0b2ae83b810,CASA BOQUERON,4.88,5.0,41
2026-06-26,88bf6063-a91b-4849-b573-b92d674c0d77,PERGOLAS 5,4.68,4.67,28
2026-06-26,1f7c502a-dc5d-4854-9877-31f6b4f380d4,ESCALONIA,4.87,5.0,45
2026-06-26,3a936ec6-c1ea-4e2b-bcaf-cac4a4735e44,BARBAZAN,2.33,2.33,3
2026-06-26,e7ce3ceb-4024-4b23-a76e-bca8638f68a9,FLORIDA,5.0,5.0,10
2026-06-26,e93ef95c-5a6e-4ce3-b0c4-2eaa8563e9d2,Santa Elena,4.81,4.67,52
2026-06-26,db002f0a-e41a-451f-8849-14cdc88dba4d,PALERMO Nilo,4.71,4.67,17
2026-06-26,656d1c14-4ec0-4758-8f32-2b1819d23032,PARK NUEVO,4.67,5.0,57
2026-06-27,56ad0c56-9b9f-4725-8d3c-d04866ffa21e,Loma Linda,4.82,5.0,98
2026-06-27,1f3d622b-3ec4-4219-aa93-aa5cead5a1aa,PERGOLAS 28,4.61,3.33,41
2026-06-27,e915eda4-075e-4fe2-808d-a0b2ae83b810,CASA BOQUERON,4.88,5.0,41
2026-06-27,88bf6063-a91b-4849-b573-b92d674c0d77,PERGOLAS 5,4.68,4.67,28
2026-06-27,1f7c502a-dc5d-4854-9877-31f6b4f380d4,ESCALONIA,4.87,5.0,46
2026-06-27,3a936ec6-c1ea-4e2b-bcaf-cac4a4735e44,BARBAZAN,2.33,2.33,3
2026-06-27,e7ce3ceb-4024-4b23-a76e-bca8638f68a9,FLORIDA,5.0,5.0,10
2026-06-27,e93ef95c-5a6e-4ce3-b0c4-2eaa8563e9d2,Santa Elena,4.81,5.0,53
2026-06-27,db002f0a-e41a-451f-8849-14cdc88dba4d,PALERMO Nilo,4.71,4.67,17
2026-06-27,656d1c14-4ec0-4758-8f32-2b1819d23032,PARK NUEVO,4.67,5.0,57
2026-06-28,56ad0c56-9b9f-4725-8d3c-d04866ffa21e,Loma Linda,4.82,5.0,98
2026-06-28,1f3d622b-3ec4-4219-aa93-aa5cead5a1aa,PERGOLAS 28,4.61,3.33,41
2026-06-28,e915eda4-075e-4fe2-808d-a0b2ae83b810,CASA BOQUERON,4.88,5.0,42
2026-06-28,88bf6063-a91b-4849-b573-b92d674c0d77,PERGOLAS 5,4.68,4.67,28
2026-06-28,1f7c502a-dc5d-4854-9877-31f6b4f380d4,ESCALONIA,4.87,5.0,46
2026-06-28,3a936ec6-c1ea-4e2b-bcaf-cac4a4735e44,BARBAZAN,2.33,2.33,3
2026-06-28,e7ce3ceb-4024-4b23-a76e-bca8638f68a9,FLORIDA,5.0,5.0,10
2026-06-28,e93ef95c-5a6e-4ce3-b0c4-2eaa8563e9d2,Santa Elena,4.81,5.0,53
2026-06-28,db002f0a-e41a-451f-8849-14cdc88dba4d,PALERMO Nilo,4.72,4.67,18
2026-06-28,656d1c14-4ec0-4758-8f32-2b1819d23032,PARK NUEVO,4.67,5.0,57
2026-06-29,56ad0c56-9b9f-4725-8d3c-d04866ffa21e,Loma Linda,4.82,5.0,98
2026-06-29,1f3d622b-3ec4-4219-aa93-aa5cead5a1aa,PERGOLAS 28,4.62,4.67,42
2026-06-29,e915eda4-075e-4fe2-808d-a0b2ae83b810,CASA BOQUERON,4.88,5.0,42
2026-06-29,88bf6063-a91b-4849-b573-b92d674c0d77,PERGOLAS 5,4.68,4.67,28
2026-06-29,1f7c502a-dc5d-4854-9877-31f6b4f380d4,ESCALONIA,4.87,5.0,47
2026-06-29,3a936ec6-c1ea-4e2b-bcaf-cac4a4735e44,BARBAZAN,2.33,2.33,3
2026-06-29,e7ce3ceb-4024-4b23-a76e-bca8638f68a9,FLORIDA,5.0,5.0,10
2026-06-29,e93ef95c-5a6e-4ce3-b0c4-2eaa8563e9d2,Santa Elena,4.81,5.0,53
2026-06-29,db002f0a-e41a-451f-8849-14cdc88dba4d,PALERMO Nilo,4.72,4.67,18
2026-06-29,656d1c14-4ec0-4758-8f32-2b1819d23032,PARK NUEVO,4.67,5.0,57
2026-06-30,56ad0c56-9b9f-4725-8d3c-d04866ffa21e,Loma Linda,4.81,5.0,97
2026-06-30,1f3d622b-3ec4-4219-aa93-aa5cead5a1aa,PERGOLAS 28,4.62,4.67,42
2026-06-30,e915eda4-075e-4fe2-808d-a0b2ae83b810,CASA BOQUERON,4.88,5.0,42
2026-06-30,88bf6063-a91b-4849-b573-b92d674c0d77,PERGOLAS 5,4.68,4.67,28
2026-06-30,1f7c502a-dc5d-4854-9877-31f6b4f380d4,ESCALONIA,4.88,5.0,48
2026-06-30,3a936ec6-c1ea-4e2b-bcaf-cac4a4735e44,BARBAZAN,2.33,2.33,3
2026-06-30,e7ce3ceb-4024-4b23-a76e-bca8638f68a9,FLORIDA,5.0,5.0,10
2026-06-30,e93ef95c-5a6e-4ce3-b0c4-2eaa8563e9d2,Santa Elena,4.81,5.0,53
2026-06-30,db002f0a-e41a-451f-8849-14cdc88dba4d,PALERMO Nilo,4.72,4.67,18
2026-06-30,656d1c14-4ec0-4758-8f32-2b1819d23032,PARK NUEVO,4.67,5.0,57
2026-07-01,56ad0c56-9b9f-4725-8d3c-d04866ffa21e,Loma Linda,4.82,5.0,98
2026-07-01,1f3d622b-3ec4-4219-aa93-aa5cead5a1aa,PERGOLAS 28,4.62,4.67,42
2026-07-01,e915eda4-075e-4fe2-808d-a0b2ae83b810,CASA BOQUERON,4.88,5.0,42
2026-07-01,88bf6063-a91b-4849-b573-b92d674c0d77,PERGOLAS 5,4.68,4.67,28
2026-07-01,1f7c502a-dc5d-4854-9877-31f6b4f380d4,ESCALONIA,4.88,5.0,48
2026-07-01,3a936ec6-c1ea-4e2b-bcaf-cac4a4735e44,BARBAZAN,2.33,2.33,3
2026-07-01,e7ce3ceb-4024-4b23-a76e-bca8638f68a9,FLORIDA,5.0,5.0,10
2026-07-01,e93ef95c-5a6e-4ce3-b0c4-2eaa8563e9d2,Santa Elena,4.81,5.0,53
2026-07-01,db002f0a-e41a-451f-8849-14cdc88dba4d,PALERMO Nilo,4.72,4.67,18
2026-07-01,656d1c14-4ec0-4758-8f32-2b1819d23032,PARK NUEVO,4.67,5.0,57
2026-07-02,56ad0c56-9b9f-4725-8d3c-d04866ffa21e,Loma Linda,4.82,5.0,98
2026-07-02,1f3d622b-3ec4-4219-aa93-aa5cead5a1aa,PERGOLAS 28,4.62,4.67,42
2026-07-02,e915eda4-075e-4fe2-808d-a0b2ae83b810,CASA BOQUERON,4.88,5.0,42
2026-07-02,88bf6063-a91b-4849-b573-b92d674c0d77,PERGOLAS 5,4.68,4.67,28
2026-07-02,1f7c502a-dc5d-4854-9877-31f6b4f380d4,ESCALONIA,4.88,5.0,48
2026-07-02,3a936ec6-c1ea-4e2b-bcaf-cac4a4735e44,BARBAZAN,2.33,2.33,3
2026-07-02,e7ce3ceb-4024-4b23-a76e-bca8638f68a9,FLORIDA,5.0,5.0,10
2026-07-02,e93ef95c-5a6e-4ce3-b0c4-2eaa8563e9d2,Santa Elena,4.81,5.0,53
2026-07-02,db002f0a-e41a-451f-8849-14cdc88dba4d,PALERMO Nilo,4.72,4.67,18
2026-07-02,656d1c14-4ec0-4758-8f32-2b1819d23032,PARK NUEVO,4.67,5.0,57
2026-07-03,56ad0c56-9b9f-4725-8d3c-d04866ffa21e,Loma Linda,4.82,5.0,98
2026-07-03,1f3d622b-3ec4-4219-aa93-aa5cead5a1aa,PERGOLAS 28,4.62,4.67,42
2026-07-03,e915eda4-075e-4fe2-808d-a0b2ae83b810,CASA BOQUERON,4.88,5.0,42
2026-07-03,88bf6063-a91b-4849-b573-b92d674c0d77,PERGOLAS 5,4.68,4.67,28
2026-07-03,1f7c502a-dc5d-4854-9877-31f6b4f380d4,ESCALONIA,4.88,5.0,48
2026-07-03,3a936ec6-c1ea-4e2b-bcaf-cac4a4735e44,BARBAZAN,2.33,2.33,3
2026-07-03,e7ce3ceb-4024-4b23-a76e-bca8638f68a9,FLORIDA,5.0,5.0,10
2026-07-03,e93ef95c-5a6e-4ce3-b0c4-2eaa8563e9d2,Santa Elena,4.81,5.0,53
2026-07-03,db002f0a-e41a-451f-8849-14cdc88dba4d,PALERMO Nilo,4.72,4.67,18
2026-07-03,656d1c14-4ec0-4758-8f32-2b1819d23032,PARK NUEVO,4.67,5.0,57
2026-07-04,56ad0c56-9b9f-4725-8d3c-d04866ffa21e,Loma Linda,4.82,5.0,98
2026-07-04,1f3d622b-3ec4-4219-aa93-aa5cead5a1aa,PERGOLAS 28,4.62,4.67,42
2026-07-04,e915eda4-075e-4fe2-808d-a0b2ae83b810,CASA BOQUERON,4.88,5.0,43
2026-07-04,88bf6063-a91b-4849-b573-b92d674c0d77,PERGOLAS 5,4.68,4.67,28
2026-07-04,1f7c502a-dc5d-4854-9877-31f6b4f380d4,ESCALONIA,4.88,5.0,48
2026-07-04,3a936ec6-c1ea-4e2b-bcaf-cac4a4735e44,BARBAZAN,2.33,2.33,3
2026-07-04,e7ce3ceb-4024-4b23-a76e-bca8638f68a9,FLORIDA,5.0,5.0,10
2026-07-04,e93ef95c-5a6e-4ce3-b0c4-2eaa8563e9d2,Santa Elena,4.81,5.0,53
2026-07-04,db002f0a-e41a-451f-8849-14cdc88dba4d,PALERMO Nilo,4.72,4.67,18
2026-07-04,656d1c14-4ec0-4758-8f32-2b1819d23032,PARK NUEVO,4.67,5.0,57
2026-07-05,56ad0c56-9b9f-4725-8d3c-d04866ffa21e,Loma Linda,4.82,5.0,98
2026-07-05,1f3d622b-3ec4-4219-aa93-aa5cead5a1aa,PERGOLAS 28,4.62,4.67,42
2026-07-05,e915eda4-075e-4fe2-808d-a0b2ae83b810,CASA BOQUERON,4.88,5.0,43
2026-07-05,88bf6063-a91b-4849-b573-b92d674c0d77,PERGOLAS 5,4.68,4.67,28
2026-07-05,1f7c502a-dc5d-4854-9877-31f6b4f380d4,ESCALONIA,4.88,5.0,48
2026-07-05,3a936ec6-c1ea-4e2b-bcaf-cac4a4735e44,BARBAZAN,2.33,2.33,3
2026-07-05,e7ce3ceb-4024-4b23-a76e-bca8638f68a9,FLORIDA,5.0,5.0,10
2026-07-05,e93ef95c-5a6e-4ce3-b0c4-2eaa8563e9d2,Santa Elena,4.81,5.0,53
2026-07-05,db002f0a-e41a-451f-8849-14cdc88dba4d,PALERMO Nilo,4.72,4.67,18
2026-07-05,656d1c14-4ec0-4758-8f32-2b1819d23032,PARK NUEVO,4.67,5.0,57
2026-07-06,56ad0c56-9b9f-4725-8d3c-d04866ffa21e,Loma Linda,4.81,5.0,97
2026-07-06,1f3d622b-3ec4-4219-aa93-aa5cead5a1aa,PERGOLAS 28,4.62,4.67,42
2026-07-06,e915eda4-075e-4fe2-808d-a0b2ae83b810,CASA BOQUERON,4.88,5.0,43
2026-07-06,88bf6063-a91b-4849-b573-b92d674c0d77,PERGOLAS 5,4.68,4.67,28
2026-07-06,1f7c502a-dc5d-4854-9877-31f6b4f380d4,ESCALONIA,4.88,5.0,48
2026-07-06,3a936ec6-c1ea-4e2b-bcaf-cac4a4735e44,BARBAZAN,2.33,2.33,3
2026-07-06,e7ce3ceb-4024-4b23-a76e-bca8638f68a9,FLORIDA,5.0,5.0,10
2026-07-06,e93ef95c-5a6e-4ce3-b0c4-2eaa8563e9d2,Santa Elena,4.81,5.0,54
2026-07-06,db002f0a-e41a-451f-8849-14cdc88dba4d,PALERMO Nilo,4.72,4.67,18
2026-07-06,656d1c14-4ec0-4758-8f32-2b1819d23032,PARK NUEVO,4.67,5.0,57
2026-07-07,56ad0c56-9b9f-4725-8d3c-d04866ffa21e,Loma Linda,4.81,5.0,97
2026-07-07,1f3d622b-3ec4-4219-aa93-aa5cead5a1aa,PERGOLAS 28,4.62,4.67,42
2026-07-07,e915eda4-075e-4fe2-808d-a0b2ae83b810,CASA BOQUERON,4.88,5.0,43
2026-07-07,88bf6063-a91b-4849-b573-b92d674c0d77,PERGOLAS 5,4.68,4.67,28
2026-07-07,1f7c502a-dc5d-4854-9877-31f6b4f380d4,ESCALONIA,4.88,5.0,48
2026-07-07,3a936ec6-c1ea-4e2b-bcaf-cac4a4735e44,BARBAZAN,2.33,2.33,3
2026-07-07,e7ce3ceb-4024-4b23-a76e-bca8638f68a9,FLORIDA,5.0,5.0,10
2026-07-07,e93ef95c-5a6e-4ce3-b0c4-2eaa8563e9d2,Santa Elena,4.81,5.0,54
2026-07-07,db002f0a-e41a-451f-8849-14cdc88dba4d,PALERMO Nilo,4.72,4.67,18
2026-07-07,656d1c14-4ec0-4758-8f32-2b1819d23032,PARK NUEVO,4.67,5.0,57
2026-07-08,56ad0c56-9b9f-4725-8d3c-d04866ffa21e,Loma Linda,4.81,5.0,97
2026-07-08,1f3d622b-3ec4-4219-aa93-aa5cead5a1aa,PERGOLAS 28,4.62,4.67,42
2026-07-08,e915eda4-075e-4fe2-808d-a0b2ae83b810,CASA BOQUERON,4.89,5.0,44
2026-07-08,88bf6063-a91b-4849-b573-b92d674c0d77,PERGOLAS 5,4.68,4.67,28
2026-07-08,1f7c502a-dc5d-4854-9877-31f6b4f380d4,ESCALONIA,4.88,5.0,48
2026-07-08,3a936ec6-c1ea-4e2b-bcaf-cac4a4735e44,BARBAZAN,2.33,2.33,3
2026-07-08,e7ce3ceb-4024-4b23-a76e-bca8638f68a9,FLORIDA,5.0,5.0,10
2026-07-08,e93ef95c-5a6e-4ce3-b0c4-2eaa8563e9d2,Santa Elena,4.82,5.0,55
2026-07-08,db002f0a-e41a-451f-8849-14cdc88dba4d,PALERMO Nilo,4.72,4.67,18
2026-07-08,656d1c14-4ec0-4758-8f32-2b1819d23032,PARK NUEVO,4.67,5.0,57
2026-07-09,56ad0c56-9b9f-4725-8d3c-d04866ffa21e,Loma Linda,4.81,5.0,97
2026-07-09,1f3d622b-3ec4-4219-aa93-aa5cead5a1aa,PERGOLAS 28,4.62,4.67,42
2026-07-09,e915eda4-075e-4fe2-808d-a0b2ae83b810,CASA BOQUERON,4.89,5.0,44
2026-07-09,88bf6063-a91b-4849-b573-b92d674c0d77,PERGOLAS 5,4.68,4.67,28
2026-07-09,1f7c502a-dc5d-4854-9877-31f6b4f380d4,ESCALONIA,4.88,5.0,48
2026-07-09,3a936ec6-c1ea-4e2b-bcaf-cac4a4735e44,BARBAZAN,2.33,2.33,3
2026-07-09,e7ce3ceb-4024-4b23-a76e-bca8638f68a9,FLORIDA,5.0,5.0,10
2026-07-09,e93ef95c-5a6e-4ce3-b0c4-2eaa8563e9d2,Santa Elena,4.82,5.0,55
2026-07-09,db002f0a-e41a-451f-8849-14cdc88dba4d,PALERMO Nilo,4.72,4.67,18
2026-07-09,656d1c14-4ec0-4758-8f32-2b1819d23032,PARK NUEVO,4.67,5.0,57
2026-07-10,56ad0c56-9b9f-4725-8d3c-d04866ffa21e,Loma Linda,4.81,5.0,97
2026-07-10,1f3d622b-3ec4-4219-aa93-aa5cead5a1aa,PERGOLAS 28,4.58,4.0,43
2026-07-10,e915eda4-075e-4fe2-808d-a0b2ae83b810,CASA BOQUERON,4.89,5.0,45
2026-07-10,88bf6063-a91b-4849-b573-b92d674c0d77,PERGOLAS 5,4.68,4.67,28
2026-07-10,1f7c502a-dc5d-4854-9877-31f6b4f380d4,ESCALONIA,4.88,5.0,48
2026-07-10,3a936ec6-c1ea-4e2b-bcaf-cac4a4735e44,BARBAZAN,2.33,2.33,3
2026-07-10,e7ce3ceb-4024-4b23-a76e-bca8638f68a9,FLORIDA,5.0,5.0,10
2026-07-10,e93ef95c-5a6e-4ce3-b0c4-2eaa8563e9d2,Santa Elena,4.82,5.0,55
2026-07-10,db002f0a-e41a-451f-8849-14cdc88dba4d,PALERMO Nilo,4.72,4.67,18
2026-07-10,656d1c14-4ec0-4758-8f32-2b1819d23032,PARK NUEVO,4.67,5.0,57
2026-07-11,56ad0c56-9b9f-4725-8d3c-d04866ffa21e,Loma Linda,4.81,5.0,97
2026-07-11,1f3d622b-3ec4-4219-aa93-aa5cead5a1aa,PERGOLAS 28,4.59,4.33,44
2026-07-11,e915eda4-075e-4fe2-808d-a0b2ae83b810,CASA BOQUERON,4.89,5.0,45
2026-07-11,88bf6063-a91b-4849-b573-b92d674c0d77,PERGOLAS 5,4.68,4.67,28
2026-07-11,1f7c502a-dc5d-4854-9877-31f6b4f380d4,ESCALONIA,4.88,5.0,48
2026-07-11,3a936ec6-c1ea-4e2b-bcaf-cac4a4735e44,BARBAZAN,2.33,2.33,3
2026-07-11,e7ce3ceb-4024-4b23-a76e-bca8638f68a9,FLORIDA,5.0,5.0,10
2026-07-11,e93ef95c-5a6e-4ce3-b0c4-2eaa8563e9d2,Santa Elena,4.82,5.0,55
2026-07-11,db002f0a-e41a-451f-8849-14cdc88dba4d,PALERMO Nilo,4.72,4.67,18
2026-07-11,656d1c14-4ec0-4758-8f32-2b1819d23032,PARK NUEVO,4.67,5.0,57
2026-07-12,56ad0c56-9b9f-4725-8d3c-d04866ffa21e,Loma Linda,4.82,5.0,98
2026-07-12,1f3d622b-3ec4-4219-aa93-aa5cead5a1aa,PERGOLAS 28,4.59,4.33,44
2026-07-12,e915eda4-075e-4fe2-808d-a0b2ae83b810,CASA BOQUERON,4.89,5.0,45
2026-07-12,88bf6063-a91b-4849-b573-b92d674c0d77,PERGOLAS 5,4.68,4.67,28
2026-07-12,1f7c502a-dc5d-4854-9877-31f6b4f380d4,ESCALONIA,4.88,5.0,49
2026-07-12,3a936ec6-c1ea-4e2b-bcaf-cac4a4735e44,BARBAZAN,2.33,2.33,3
2026-07-12,e7ce3ceb-4024-4b23-a76e-bca8638f68a9,FLORIDA,5.0,5.0,10
2026-07-12,e93ef95c-5a6e-4ce3-b0c4-2eaa8563e9d2,Santa Elena,4.82,5.0,55
2026-07-12,db002f0a-e41a-451f-8849-14cdc88dba4d,PALERMO Nilo,4.72,4.67,18
2026-07-12,656d1c14-4ec0-4758-8f32-2b1819d23032,PARK NUEVO,4.67,5.0,57
2026-07-13,56ad0c56-9b9f-4725-8d3c-d04866ffa21e,Loma Linda,4.82,5.0,98
2026-07-13,1f3d622b-3ec4-4219-aa93-aa5cead5a1aa,PERGOLAS 28,4.59,4.33,44
2026-07-13,e915eda4-075e-4fe2-808d-a0b2ae83b810,CASA BOQUERON,4.89,5.0,45
2026-07-13,88bf6063-a91b-4849-b573-b92d674c0d77,PERGOLAS 5,4.68,4.67,28
2026-07-13,1f7c502a-dc5d-4854-9877-31f6b4f380d4,ESCALONIA,4.88,5.0,49
2026-07-13,3a936ec6-c1ea-4e2b-bcaf-cac4a4735e44,BARBAZAN,2.33,2.33,3
2026-07-13,e7ce3ceb-4024-4b23-a76e-bca8638f68a9,FLORIDA,5.0,5.0,10
2026-07-13,e93ef95c-5a6e-4ce3-b0c4-2eaa8563e9d2,Santa Elena,4.82,5.0,55
2026-07-13,db002f0a-e41a-451f-8849-14cdc88dba4d,PALERMO Nilo,4.72,4.67,18
2026-07-13,656d1c14-4ec0-4758-8f32-2b1819d23032,PARK NUEVO,4.67,5.0,57
2026-07-14,56ad0c56-9b9f-4725-8d3c-d04866ffa21e,Loma Linda,4.82,5.0,98
2026-07-14,1f3d622b-3ec4-4219-aa93-aa5cead5a1aa,PERGOLAS 28,4.53,3.33,45
2026-07-14,e915eda4-075e-4fe2-808d-a0b2ae83b810,CASA BOQUERON,4.89,5.0,45
2026-07-14,88bf6063-a91b-4849-b573-b92d674c0d77,PERGOLAS 5,4.68,4.67,28
2026-07-14,1f7c502a-dc5d-4854-9877-31f6b4f380d4,ESCALONIA,4.88,5.0,49
2026-07-14,3a936ec6-c1ea-4e2b-bcaf-cac4a4735e44,BARBAZAN,2.33,2.33,3
2026-07-14,e7ce3ceb-4024-4b23-a76e-bca8638f68a9,FLORIDA,5.0,5.0,10
2026-07-14,e93ef95c-5a6e-4ce3-b0c4-2eaa8563e9d2,Santa Elena,4.82,5.0,56
2026-07-14,db002f0a-e41a-451f-8849-14cdc88dba4d,PALERMO Nilo,4.72,4.67,18
2026-07-14,656d1c14-4ec0-4758-8f32-2b1819d23032,PARK NUEVO,4.67,5.0,57
2026-07-15,56ad0c56-9b9f-4725-8d3c-d04866ffa21e,Loma Linda,4.82,5.0,98
2026-07-15,1f3d622b-3ec4-4219-aa93-aa5cead5a1aa,PERGOLAS 28,4.53,3.33,45
2026-07-15,e915eda4-075e-4fe2-808d-a0b2ae83b810,CASA BOQUERON,4.89,5.0,45
2026-07-15,88bf6063-a91b-4849-b573-b92d674c0d77,PERGOLAS 5,4.68,4.67,28
2026-07-15,1f7c502a-dc5d-4854-9877-31f6b4f380d4,ESCALONIA,4.88,5.0,49
2026-07-15,3a936ec6-c1ea-4e2b-bcaf-cac4a4735e44,BARBAZAN,2.33,2.33,3
2026-07-15,e7ce3ceb-4024-4b23-a76e-bca8638f68a9,FLORIDA,5.0,5.0,10
2026-07-15,e93ef95c-5a6e-4ce3-b0c4-2eaa8563e9d2,Santa Elena,4.82,5.0,56
2026-07-15,db002f0a-e41a-451f-8849-14cdc88dba4d,PALERMO Nilo,4.72,4.67,18
2026-07-15,656d1c14-4ec0-4758-8f32-2b1819d23032,PARK NUEVO,4.67,5.0,57
2026-07-16,56ad0c56-9b9f-4725-8d3c-d04866ffa21e,Loma Linda,4.82,5.0,98
2026-07-16,1f3d622b-3ec4-4219-aa93-aa5cead5a1aa,PERGOLAS 28,4.53,3.33,45
2026-07-16,e915eda4-075e-4fe2-808d-a0b2ae83b810,CASA BOQUERON,4.89,5.0,45
2026-07-16,88bf6063-a91b-4849-b573-b92d674c0d77,PERGOLAS 5,4.68,4.67,28
2026-07-16,1f7c502a-dc5d-4854-9877-31f6b4f380d4,ESCALONIA,4.88,5.0,49
2026-07-16,3a936ec6-c1ea-4e2b-bcaf-cac4a4735e44,BARBAZAN,2.33,2.33,3
2026-07-16,e7ce3ceb-4024-4b23-a76e-bca8638f68a9,FLORIDA,5.0,5.0,10
2026-07-16,e93ef95c-5a6e-4ce3-b0c4-2eaa8563e9d2,Santa Elena,4.82,5.0,56
2026-07-16,db002f0a-e41a-451f-8849-14cdc88dba4d,PALERMO Nilo,4.72,4.67,18
2026-07-16,656d1c14-4ec0-4758-8f32-2b1819d23032,PARK NUEVO,4.67,5.0,58
2026-07-17,56ad0c56-9b9f-4725-8d3c-d04866ffa21e,Loma Linda,4.81,5.0,97
2026-07-17,1f3d622b-3ec4-4219-aa93-aa5cead5a1aa,PERGOLAS 28,4.53,3.33,45
2026-07-17,e915eda4-075e-4fe2-808d-a0b2ae83b810,CASA BOQUERON,4.89,5.0,45
2026-07-17,88bf6063-a91b-4849-b573-b92d674c0d77,PERGOLAS 5,4.68,4.67,28
2026-07-17,1f7c502a-dc5d-4854-9877-31f6b4f380d4,ESCALONIA,4.88,5.0,49
2026-07-17,3a936ec6-c1ea-4e2b-bcaf-cac4a4735e44,BARBAZAN,2.33,2.33,3
2026-07-17,e7ce3ceb-4024-4b23-a76e-bca8638f68a9,FLORIDA,5.0,5.0,10
2026-07-17,e93ef95c-5a6e-4ce3-b0c4-2eaa8563e9d2,Santa Elena,4.82,5.0,57
2026-07-17,db002f0a-e41a-451f-8849-14cdc88dba4d,PALERMO Nilo,4.72,4.67,18
2026-07-17,656d1c14-4ec0-4758-8f32-2b1819d23032,PARK NUEVO,4.67,5.0,58
2026-07-18,56ad0c56-9b9f-4725-8d3c-d04866ffa21e,Loma Linda,4.81,5.0,97
2026-07-18,1f3d622b-3ec4-4219-aa93-aa5cead5a1aa,PERGOLAS 28,4.53,3.33,45
2026-07-18,e915eda4-075e-4fe2-808d-a0b2ae83b810,CASA BOQUERON,4.89,5.0,45
2026-07-18,88bf6063-a91b-4849-b573-b92d674c0d77,PERGOLAS 5,4.68,4.67,28
2026-07-18,1f7c502a-dc5d-4854-9877-31f6b4f380d4,ESCALONIA,4.88,5.0,50
2026-07-18,3a936ec6-c1ea-4e2b-bcaf-cac4a4735e44,BARBAZAN,2.33,2.33,3
2026-07-18,e7ce3ceb-4024-4b23-a76e-bca8638f68a9,FLORIDA,5.0,5.0,10
2026-07-18,e93ef95c-5a6e-4ce3-b0c4-2eaa8563e9d2,Santa Elena,4.82,5.0,57
2026-07-18,db002f0a-e41a-451f-8849-14cdc88dba4d,PALERMO Nilo,4.72,4.67,18
2026-07-18,656d1c14-4ec0-4758-8f32-2b1819d23032,PARK NUEVO,4.67,5.0,58
